,Unnamed: 0,word,word_onsets,word_offsets,cloze_pre_rep,cloze_post_rep,cloze_MemEffect_rep,boundary,agreement
0,0,i,15.015000076904297,15.31499994506836,,,,,
1,1,began,15.165000010986327,15.49499993774414,,,,,
2,2,my,15.44500001953125,15.70499998901367,0.0,0.22,0.22,,
3,3,illustrious,15.70499998901367,16.324999943847654,0.0,0.14,0.14,,
4,4,career,16.275000025634764,16.894999980468747,0.46,0.62,0.1599999999999999,,
5,5,in,17.144999930419917,17.25499996582031,0.24,0.4,0.16,,
6,6,journalism,17.20500004760742,17.914999998779297,0.02,0.54,0.52,,
7,7,in,18.48500003540039,18.59500007080078,0.06,0.26,0.2,,
8,8,the,18.59500007080078,18.65500000854492,0.34,0.36,0.0199999999999999,,
9,9,bronx,18.65500000854492,19.225000045166013,0.0,0.26,0.26,,
10,10,where,19.225000045166013,19.364999959716798,0.0,0.2,0.2,,
11,11,i,19.364999959716798,19.485000014648435,0.74,0.76,0.02,,
12,12,toiled,19.485000014648435,20.15500006713867,0.0,0.14,0.14,,
13,13,as,20.37499995849609,20.484999993896484,0.04,0.2,0.16,,
14,14,a,20.484999993896484,20.515000052490237,0.68,0.8,0.12,,
15,15,hard,20.515000052490237,20.875000037841797,0.0,0.22,0.22,,
16,16,boiled,20.875000037841797,21.145000026855467,0.02,0.28,0.26,,
17,17,reporter,21.145000026855467,21.995000072021483,0.06,0.46,0.4,,
18,18,for,22.11499994750976,22.235000002441407,0.28,0.54,0.26,,
19,19,the,22.235000002441407,22.324999998779298,0.58,0.82,0.24,,
20,20,ram,22.324999998779298,22.744999921875,0.0,0.3,0.3,,
21,21,the,23.934999913330078,24.044999948730467,0.0,0.26,0.26,,
22,22,student,24.044999948730467,24.66500008300781,0.0,0.34,0.34,,
23,23,newspaper,24.66500008300781,25.275000018310543,0.3,0.64,0.34,,
24,24,at,25.275000018310543,25.385000053710936,0.34,0.46,0.12,,
25,25,fordham,25.385000053710936,25.7049999609375,0.0,0.44,0.44,,
26,26,university,25.7049999609375,26.35499997436523,0.48,0.82,0.3399999999999999,1.0,0.22926829268292684
27,27,and,27.094999984130855,27.205000019531248,0.06,0.24,0.18,,
28,28,one,27.205000019531248,27.34499993408203,0.0,0.18,0.18,,
29,29,day,27.34499993408203,27.49500004760742,0.18,0.5,0.32,,
30,30,im,27.49500004760742,27.60500008300781,0.0,0.16,0.16,,
31,31,walking,27.60500008300781,27.86500005249023,0.04,0.44,0.4,,
32,32,toward,27.86500005249023,28.03500002563476,0.0,0.2,0.2,,
33,33,the,28.03500002563476,28.094999963378903,0.76,0.74,-0.02,,
34,34,campus,28.094999963378903,28.435000089111323,0.08,0.22,0.14,,
35,35,center,28.435000089111323,28.795000074462887,0.04,0.26,0.22,,
36,36,and,28.97500006713867,29.1450000402832,0.46,0.68,0.22,,
37,37,out,29.1450000402832,29.31500001342773,0.0,0.08,0.08,,
38,38,comes,29.31500001342773,29.585000002441404,0.04,0.28,0.24,,
39,39,the,29.585000002441404,29.70500005737304,0.32,0.46,0.14,,
40,40,elusive,29.70500005737304,30.41500000854492,0.0,0.12,0.12,,
41,41,dean,30.64499991943359,30.98500004516601,0.06,0.66,0.6000000000000001,,
42,42,mcgowan,30.98500004516601,31.625000039062492,0.0,0.3,0.3,,
43,43,architect,32.32499997070312,32.82500005004883,0.0,0.1,0.1,,
44,44,of,32.82500005004883,32.91500004638672,0.5,0.58,0.0799999999999999,,
45,45,a,32.91500004638672,32.95499994506835,0.04,0.16,0.12,,
46,46,policy,32.95499994506835,33.75500007202148,0.0,0.18,0.18,,
47,47,to,34.07499997924805,34.21500007324218,0.02,0.28,0.26,,
48,48,replace,34.21500007324218,34.69499993408203,0.0,0.16,0.16,,
49,49,fordham,34.69499993408203,35.21500005249023,0.0,0.14,0.14,,
50,50,traditionally,35.21500005249023,36.08499995727539,0.0,0.14,0.14,,
51,51,working,36.4549999621582,37.0450000378418,0.0,0.26,0.26,,
52,52,to,37.0450000378418,37.14500005371093,0.0,0.1,0.1,,
53,53,middle,37.14500005371093,37.3749999645996,0.02,0.32,0.3,,
54,54,class,37.3749999645996,37.68500003173828,0.46,0.68,0.22,,
55,55,students,37.68500003173828,38.28499994750976,0.24,0.56,0.32,,
56,56,with,38.775000007324216,39.23500000854492,0.18,0.52,0.34,,
57,57,wealthier,39.23500000854492,39.8349999243164,0.0,0.14,0.14,,
58,58,more,39.8349999243164,40.03499995605468,0.0,0.22,0.22,,
59,59,prestigious,40.03499995605468,40.65499991088867,0.0,0.24,0.24,,
60,60,ones,40.65499991088867,41.24499998657227,0.04,0.26,0.22,1.0,0.3170731707317073
61,61,so,42.21500008666992,42.38500005981445,0.0,0.14,0.14,,
62,62,i,42.38500005981445,42.44499999755859,0.24,0.52,0.28,,
63,63,whip,42.44499999755859,42.65500004882812,0.0,0.04,0.04,,
64,64,out,42.65500004882812,42.75500006469726,0.54,0.74,0.1999999999999999,,
65,65,my,42.75500006469726,42.86499992065429,0.7,0.82,0.12,,
66,66,notebook,42.86499992065429,43.20500004638672,0.2,0.48,0.2799999999999999,,
67,67,and,43.20500004638672,43.29500004272461,0.82,0.92,0.1,,
68,68,i,43.29500004272461,43.334999941406245,0.1,0.28,0.18,,
69,69,go,43.3850000390625,43.54499999267578,0.04,0.16,0.12,,
70,70,up,43.49500007446289,43.594999910888674,0.16,0.4,0.24,,
71,71,to,43.594999910888674,43.73500000488281,0.68,0.82,0.1399999999999999,,
72,72,him,43.73500000488281,43.8450000402832,0.38,0.48,0.0999999999999999,,
73,73,and,43.8450000402832,43.93500003662109,0.82,0.88,0.06,,
74,74,i,43.93500003662109,43.96499991577148,0.08,0.34,0.26,,
75,75,say,43.96499991577148,44.18499998657226,0.06,0.28,0.22,,
76,76,dean,44.22500006469726,44.41500007690429,0.06,0.32,0.26,,
77,77,mcgowan,44.41500007690429,44.92499999633788,0.3,0.72,0.42,,
78,78,is,45.464999974365234,45.61500008789062,0.02,0.26,0.24,,
79,79,it,45.61500008789062,45.685000045166014,0.24,0.5,0.26,,
80,80,true,45.685000045166014,46.10499996826172,0.38,0.62,0.24,,
81,81,that,46.10499996826172,46.215000003662105,0.88,0.9,0.02,,
82,82,fordham,46.215000003662105,46.534999910888665,0.0,0.16,0.16,,
83,83,university,46.534999910888665,47.02499997070312,0.38,0.48,0.0999999999999999,,
84,84,plans,47.02499997070312,47.31499999877929,0.0,0.16,0.16,,
85,85,to,47.31499999877929,47.44500007324218,0.88,0.92,0.04,,
86,86,raise,47.44500007324218,47.7250000817871,0.02,0.24,0.22,,
87,87,tuition,47.7250000817871,48.12499996582031,0.18,0.52,0.34,,
88,88,substantially,48.12499996582031,48.85499995605469,0.0,0.14,0.14,,
89,89,above,48.85499995605469,49.065000007324215,0.0,0.22,0.22,,
90,90,the,49.065000007324215,49.175000042724605,0.7,0.66,-0.0399999999999999,,
91,91,inflation,49.175000042724605,49.6649999230957,0.0,0.32,0.32,,
92,92,rate,49.6649999230957,49.91500005249023,0.62,0.68,0.06,,
93,93,and,50.09500004516601,50.21499992065429,0.06,0.32,0.26,,
94,94,if,50.21499992065429,50.30499991699218,0.02,0.2,0.18,,
95,95,so,50.30499991699218,50.92500005126953,0.34,0.52,0.18,,
96,96,wouldnt,51.1349999230957,51.43499997070312,0.0,0.18,0.18,,
97,97,that,51.43499997070312,51.54500000610352,0.28,0.64,0.36,,
98,98,be,51.54500000610352,51.6350000024414,0.4,0.62,0.2199999999999999,,
99,99,a,51.6350000024414,51.66500006103515,0.1,0.34,0.24,,
100,100,betrayal,51.66500006103515,52.234999918212885,0.0,0.22,0.22,,
101,101,of,52.234999918212885,52.32499991455077,0.54,0.66,0.12,,
102,102,its,52.32499991455077,52.46500000854492,0.0,0.2,0.2,,
103,103,mission,52.46500000854492,52.95500006835937,0.04,0.26,0.22,1.0,0.32195121951219513
104,104,and,54.744999975585934,54.85500001098632,0.02,0.22,0.2,,
105,105,he,54.85500001098632,54.92499996826172,0.0,0.2,0.2,,
106,106,stops,54.92499996826172,55.52500006347656,0.0,0.16,0.16,,
107,107,and,55.52500006347656,55.64499993896484,0.38,0.74,0.36,,
108,108,looks,55.64499993896484,55.84499997070312,0.28,0.34,0.06,,
109,109,at,55.84499997070312,55.90500008789062,0.8,0.8,0.0,,
110,110,me,55.90500008789062,56.26500007324218,0.8,0.86,0.0599999999999999,,
111,111,and,57.02499994262695,57.28499991210937,0.7,0.9,0.2,,
112,112,he,57.20499993530273,57.34500002929687,0.08,0.14,0.06,,
113,113,says,57.26500005249023,57.82500006958007,0.52,0.64,0.12,,
114,114,listen,58.66499991577148,58.90500002563476,0.0,0.36,0.36,,
115,115,up,58.90500002563476,59.08500001831055,0.0,0.26,0.26,,
116,116,punk,59.08500001831055,59.5149999609375,0.0,0.52,0.52,,
117,117,and,59.835000047607416,59.99500000122069,0.04,0.52,0.48,,
118,118,right,59.99500000122069,60.24499995117186,0.0,0.16,0.16,,
119,119,then,60.24499995117186,60.58500007690429,0.18,0.48,0.3,,
120,120,theres,60.58500007690429,60.79499994873046,0.0,0.14,0.14,,
121,121,a,60.79499994873046,60.82500000732422,0.52,0.7,0.1799999999999999,,
122,122,blur,60.82500000732422,61.69499991210937,0.0,0.26,0.26,,
123,123,in,61.83500000610351,61.9450000415039,0.24,0.34,0.1,,
124,124,the,61.9450000415039,62.00499997924804,0.36,0.66,0.3,,
125,125,corner,62.00499997924804,62.26499994873047,0.08,0.6,0.52,,
126,126,of,62.26499994873047,62.32500006591796,0.84,0.88,0.04,,
127,127,my,62.32500006591796,62.4950000390625,0.66,0.78,0.12,,
128,128,eye,62.4950000390625,62.64499997314452,0.68,0.8,0.12,,
129,129,which,62.64499997314452,62.81499994628906,0.04,0.18,0.1399999999999999,,
130,130,becomes,62.81499994628906,63.245000068359374,0.02,0.16,0.14,,
131,131,this,63.245000068359374,63.52500007690429,0.0,0.16,0.16,,
132,132,figure,63.52500007690429,64.32500002441405,0.0,0.2,0.2,,
133,133,holding,64.58499999389649,64.9750000378418,0.0,0.18,0.18,,
134,134,a,64.9750000378418,65.03499997558593,0.76,0.88,0.12,,
135,135,cream,65.03499997558593,65.35500006225585,0.0,0.38,0.38,,
136,136,pie,65.35500006225585,65.70500002807617,0.18,0.82,0.6399999999999999,,
137,137,which,65.70500002807617,65.90500005981444,0.04,0.24,0.1999999999999999,,
138,138,becomes,65.90500005981444,66.3149999633789,0.0,0.14,0.14,,
139,139,the,66.3149999633789,66.39499994018554,0.04,0.18,0.1399999999999999,,
140,140,guy,66.39499994018554,67.09500005126952,0.02,0.12,0.0999999999999999,,
141,141,standing,67.28500006347656,67.89499999877928,0.0,0.14,0.14,,
142,142,next,67.89499999877928,68.16499998779297,0.28,0.46,0.18,,
143,143,to,68.16499998779297,68.2650000036621,0.88,0.96,0.0799999999999999,,
144,144,me,68.2650000036621,68.66500006713866,0.58,0.64,0.06,,
145,145,mashing,69.02500005249023,69.67500006591796,0.0,0.16,0.16,,
146,146,a,69.67500006591796,69.72499998413086,0.04,0.32,0.28,,
147,147,cream,69.72499998413086,70.11500002807617,0.08,0.54,0.46,,
148,148,pie,70.11500002807617,70.56500000976563,0.8,0.92,0.12,,
149,149,into,70.56500000976563,70.75500002197265,0.4,0.56,0.16,,
150,150,dean,70.75500002197265,71.01499999145507,0.2,0.54,0.34,,
151,151,mcgowans,71.01499999145507,71.48500001220702,0.36,0.66,0.3,,
152,152,face,71.48500001220702,72.01499997070312,0.82,0.92,0.1,1.0,0.3073170731707317
153,153,and,73.60500002563477,73.89500005371093,0.46,0.64,0.18,,
154,154,and,73.94499997192382,74.11499994506835,0.0,0.04,0.04,,
155,155,then,74.11499994506835,74.22499998046874,0.12,0.3,0.18,,
156,156,runs,74.22499998046874,74.52500002807616,0.02,0.2,0.18,,
157,157,away,74.52500002807616,74.82500007568359,0.56,0.64,0.0799999999999999,,
158,158,and,77.4950000866699,77.66500005981445,0.02,0.28,0.26,,
159,159,the,77.66500005981445,77.94500006835936,0.06,0.24,0.18,,
160,160,dean,77.94500006835936,78.58500006225584,0.5,0.72,0.2199999999999999,,
161,161,is,78.84500003173828,79.20500001708983,0.18,0.34,0.16,,
162,162,covered,79.20500001708983,79.5249999243164,0.18,0.44,0.26,,
163,163,with,79.5249999243164,79.64499997924804,0.18,0.32,0.14,,
164,164,cream,79.64499997924804,80.0250000036621,0.68,0.74,0.0599999999999999,,
165,165,so,82.30499997070311,82.5050000024414,0.0,0.18,0.18,,
166,166,i,82.5050000024414,82.5450000805664,0.3,0.66,0.36,,
167,167,give,82.5450000805664,82.72500007324219,0.0,0.18,0.18,,
168,168,him,82.72500007324219,82.82500008911131,0.84,0.7,-0.14,,
169,169,a,82.82500008911131,82.85499996826171,0.6,0.78,0.18,,
170,170,moment,82.85499996826171,83.37500008666991,0.0,0.22,0.22,,
171,171,and,85.53499999877928,85.7949999682617,0.02,0.42,0.3999999999999999,,
172,172,then,85.63500001464843,85.74500005004882,0.3,0.44,0.14,,
173,173,i,85.74500005004882,85.82500002685546,0.32,0.48,0.1599999999999999,,
174,174,say,85.82500002685546,86.06499995727538,0.08,0.28,0.2,,
175,175,dean,86.06499995727538,86.24499994995116,0.06,0.38,0.32,,
176,176,mcgowan,86.24499994995116,86.69499993164062,0.58,0.82,0.24,,
177,177,would,86.69499993164062,86.845000045166,0.02,0.14,0.12,,
178,178,you,86.845000045166,86.9150000024414,0.84,0.74,-0.0999999999999999,,
179,179,care,86.9150000024414,87.09499999511718,0.04,0.22,0.18,,
180,180,to,87.09499999511718,87.17499997192382,0.7,0.72,0.02,,
181,181,comment,87.17499997192382,87.71499994995116,0.2,0.54,0.34,,
182,182,on,87.71499994995116,87.79499992675781,0.68,0.62,-0.06,,
183,183,this,87.79499992675781,87.9450000402832,0.1,0.3,0.1999999999999999,,
184,184,latest,87.9450000402832,88.24500008789062,0.0,0.14,0.14,,
185,185,attack,88.24500008789062,88.56499999511718,0.0,0.28,0.28,,
186,186,and,91.834999921875,92.03499995361328,0.06,0.38,0.32,,
187,187,the,91.95499997680665,92.02499993408205,0.04,0.12,0.0799999999999999,,
188,188,dean,92.02499993408205,92.23499998535156,0.34,0.6,0.2599999999999999,,
189,189,say,92.23499998535156,92.40499995849608,0.0,0.04,0.04,,
190,190,yes,92.47499991577148,93.2050000854492,0.02,0.16,0.14,,
191,191,i,93.58499993041993,93.69499996582032,0.58,0.42,-0.1599999999999999,,
192,192,would,93.69499996582032,93.79499998168944,0.58,0.52,-0.0599999999999999,,
193,193,care,93.79499998168944,93.95499993530272,0.0,0.16,0.16,,
194,194,to,93.95499993530272,94.01500005249022,0.84,0.78,-0.0599999999999999,,
195,195,comment,94.01500005249022,94.51499995239256,0.7,0.62,-0.0799999999999999,,
196,196,fuck,95.1649999658203,95.76500006103517,0.0,0.42,0.42,,
197,197,you,95.80499995971678,96.28499999999998,0.66,0.8,0.14,1.0,0.34146341463414637
198,198,so,98.22500002075196,98.38499997436524,0.0,0.22,0.22,,
199,199,i,98.38499997436524,98.44499991210937,0.32,0.7,0.3799999999999999,,
200,200,race,98.44499991210937,98.79500005737304,0.0,0.06,0.06,,
201,201,back,98.79500005737304,98.93499997192382,0.12,0.46,0.34,,
202,202,to,98.93499997192382,99.05500002685548,0.86,0.84,-0.02,,
203,203,the,99.05500002685548,99.12499998413084,0.64,0.78,0.14,,
204,204,newsroom,99.12499998413084,99.5950000048828,0.02,0.26,0.24,,
205,205,with,99.5950000048828,99.7050000402832,0.0,0.18,0.18,,
206,206,my,99.7349999194336,99.83499993530272,0.58,0.7,0.12,,
207,207,scoop,99.83499993530272,100.6050000036621,0.0,0.22,0.22,,
208,208,and,100.87499999267575,101.03499994628903,0.6,0.8,0.2,,
209,209,i,101.00500006713868,101.35500003295896,0.24,0.5,0.26,,
210,210,and,101.35500003295896,101.46500006835936,0.0,0.14,0.14,,
211,211,i,101.46500006835936,101.49499994750975,0.32,0.44,0.12,,
212,212,find,101.49499994750975,101.73500005737304,0.0,0.24,0.24,,
213,213,the,101.73500005737304,101.85499993286132,0.24,0.38,0.14,,
214,214,editor,101.85499993286132,102.47500006713864,0.2,0.64,0.44,,
215,215,jim,102.56500006347656,102.80499999389647,0.0,0.28,0.28,,
216,216,dwyer,102.80499999389647,103.19500003784178,0.0,0.28,0.28,,
217,217,whos,103.19500003784178,103.33499995239256,0.0,0.14,0.14,,
218,218,a,103.33499995239256,103.36500001098632,0.04,0.4,0.36,,
219,219,senior,103.36500001098632,103.91500000854492,0.06,0.22,0.16,,
220,220,and,104.47500002563476,104.65500001831052,0.04,0.3,0.26,,
221,221,he,104.65500001831052,104.78499991333008,0.1,0.24,0.1399999999999999,,
222,222,will,104.78499991333008,104.91499998779295,0.04,0.16,0.12,,
223,223,go,104.91499998779295,105.04500006225584,0.0,0.18,0.18,,
224,224,on,105.04500006225584,105.25499993408202,0.1,0.46,0.36,,
225,225,to,105.25499993408202,105.3649999694824,0.34,0.68,0.34,,
226,226,win,105.3649999694824,105.4750000048828,0.0,0.5,0.5,,
227,227,a,105.4750000048828,105.50500006347656,0.26,0.72,0.4599999999999999,,
228,228,pulitzer,105.50500006347656,105.81499995117188,0.1,0.6,0.5,,
229,229,prize,105.81499995117188,106.26499993286131,0.74,0.78,0.04,,
230,230,that,106.26499993286131,106.44499992553708,0.0,0.16,0.16,,
231,231,is,106.44499992553708,106.615000078125,0.12,0.36,0.24,,
232,232,true,106.615000078125,106.9450000048828,0.0,0.36,0.36,,
233,233,and,107.85499998779297,108.27499991088868,0.2,0.4,0.2,,
234,234,hes,108.17500007446289,108.4550000830078,0.0,0.12,0.12,,
235,235,a,108.3749999267578,108.40499998535157,0.26,0.34,0.08,,
236,236,big,108.40499998535157,108.81500006835935,0.0,0.36,0.36,,
237,237,guy,108.73499991210936,109.20499993286133,0.02,0.48,0.4599999999999999,,
238,238,i,109.20499993286133,109.32499998779296,0.0,0.12,0.12,,
239,239,pitch,109.32499998779296,109.57499993774412,0.0,0.08,0.08,,
240,240,him,109.57499993774412,109.64500007446289,0.18,0.22,0.04,,
241,241,my,109.64500007446289,109.75499993041991,0.16,0.38,0.22,,
242,242,story,109.75499993041991,110.14499997436522,0.48,0.58,0.0999999999999999,,
243,243,i,110.14499997436522,110.20499991210936,0.0,0.08,0.08,,
244,244,tell,110.20499991210936,110.44500002197265,0.38,0.48,0.0999999999999999,,
245,245,him,110.44500002197265,110.5450000378418,0.88,0.84,-0.04,,
246,246,what,110.5450000378418,110.66499991333006,0.2,0.26,0.06,,
247,247,ive,110.66499991333006,110.7649999291992,0.0,0.08,0.08,,
248,248,seen,110.7649999291992,111.25499998901368,0.32,0.6,0.2799999999999999,,
249,249,and,111.84500006469726,111.99499999877928,0.38,0.66,0.28,,
250,250,he,111.99499999877928,112.09500001464843,0.4,0.58,0.1799999999999999,,
251,251,says,112.09500001464843,112.48500005859374,0.3,0.62,0.32,,
252,252,dean,113.3750000024414,113.57500003417968,0.0,0.28,0.28,,
253,253,mcgowan,113.57500003417968,114.10499999267576,0.76,0.84,0.0799999999999999,,
254,254,that,114.4250000793457,115.3250000427246,0.0,0.18,0.18,,
255,255,guys,115.24500006591796,115.46499995727538,0.0,0.2,0.2,,
256,256,a,115.46499995727538,115.50500003540036,0.62,0.68,0.06,,
257,257,dick,115.62499991088866,116.06500005249022,0.04,0.46,0.42,,
258,258,write,116.06500005249022,116.29499996337888,0.0,0.16,0.16,,
259,259,it,116.29499996337888,116.40499999877927,0.14,0.4,0.26,,
260,260,up,116.40499999877927,116.96500001586912,0.1,0.54,0.44,1.0,0.32682926829268294
261,261,so,118.05499999145506,118.23499998413084,0.06,0.32,0.26,,
262,262,im,118.23499998413084,118.37500007812498,0.0,0.1,0.1,,
263,263,banging,118.37500007812498,118.65500008666992,0.0,0.1,0.1,,
264,264,out,118.65500008666992,118.7450000830078,0.1,0.3,0.1999999999999999,,
265,265,my,118.7450000830078,118.8449999194336,0.18,0.28,0.1,,
266,266,story,118.8449999194336,119.22499994384764,0.42,0.72,0.3,,
267,267,and,119.22499994384764,119.31499994018554,0.28,0.72,0.4399999999999999,,
268,268,i,119.31499994018554,119.38500007690428,0.24,0.62,0.38,,
269,269,know,119.38500007690428,119.6650000854492,0.02,0.12,0.0999999999999999,,
270,270,its,119.6650000854492,119.85499991821288,0.02,0.16,0.14,,
271,271,good,119.85499991821288,120.12500008666991,0.08,0.26,0.18,,
272,272,and,120.55500002929686,120.67500008422851,0.2,0.24,0.0399999999999999,,
273,273,then,120.67500008422851,120.78499994018554,0.04,0.14,0.1,,
274,274,i,120.78499994018554,120.81499999877929,0.46,0.78,0.32,,
275,275,start,120.89499997558592,121.35499997680662,0.04,0.22,0.18,,
276,276,to,121.3850000354004,121.49500007080076,0.66,0.72,0.0599999999999999,,
277,277,make,121.49500007080076,121.80499995849608,0.0,0.26,0.26,,
278,278,it,121.80499995849608,121.94500005249024,0.02,0.5,0.48,,
279,279,better,122.85500003540038,123.21500002075194,0.2,0.42,0.2199999999999999,1.0,0.17560975609756097
280,280,by,126.13499998168945,126.25500003662108,0.32,0.38,0.06,,
281,281,adding,126.25500003662108,126.55500008422852,0.26,0.36,0.0999999999999999,,
282,282,an,126.55500008422852,126.66499994018557,0.0,0.12,0.12,,
283,283,element,126.66499994018557,127.16500001953123,0.0,0.16,0.16,,
284,284,of,127.40499994995116,127.53500002441406,0.58,0.72,0.14,,
285,285,embellishment,127.53500002441406,128.1249999206543,0.0,0.4,0.4,,
286,286,reporters,129.27500001342773,129.83500003051756,0.0,0.14,0.14,,
287,287,call,129.83500003051756,130.17499997680665,0.0,0.44,0.44,,
288,288,this,130.17499997680665,130.76500005249022,0.1,0.38,0.28,,
289,289,making,131.27499997192382,131.755000012207,0.0,0.42,0.42,,
290,290,shit,131.755000012207,132.0949999584961,0.0,0.44,0.44,,
291,291,up,132.0949999584961,132.33500006835936,0.52,0.84,0.3199999999999999,1.0,0.2634146341463415
292,292,and,135.52500001831052,135.66499993286132,0.34,0.54,0.2,,
293,293,they,135.66499993286132,135.7950000073242,0.0,0.14,0.14,,
294,294,recommend,135.7950000073242,136.52499999755858,0.0,0.16,0.16,,
295,295,against,136.60499997436523,137.3550000036621,0.02,0.18,0.16,,
296,296,crossing,137.3550000036621,137.7749999267578,0.0,0.18,0.18,,
297,297,that,137.7749999267578,137.93500005981443,0.02,0.38,0.36,,
298,298,line,137.93500005981443,138.3150000842285,0.72,0.82,0.0999999999999999,,
299,299,but,139.98499993652342,140.19499998779295,0.16,0.42,0.26,,
300,300,i,140.19499998779295,140.3350000817871,0.56,0.76,0.1999999999999999,,
301,301,had,140.3350000817871,140.49500003540038,0.02,0.18,0.16,,
302,302,just,140.49500003540038,140.72499994628905,0.0,0.12,0.12,,
303,303,seen,140.72499994628905,141.1450000488281,0.06,0.2,0.14,,
304,304,the,141.44499991699217,141.61500006958008,0.32,0.28,-0.0399999999999999,,
305,305,line,141.61500006958008,142.07500007080077,0.02,0.24,0.22,,
306,306,crossed,142.07500007080077,142.64499992797852,0.14,0.38,0.24,,
307,307,between,142.64499992797852,143.08500006958008,0.0,0.16,0.16,,
308,308,a,143.08500006958008,143.17500006591797,0.0,0.24,0.24,,
309,309,high,143.17500006591797,143.3949999572754,0.0,0.18,0.18,,
310,310,powered,143.3949999572754,143.6950000048828,0.0,0.18,0.18,,
311,311,dean,143.6950000048828,144.18500006469725,0.22,0.48,0.26,,
312,312,and,144.58499994873046,144.7250000427246,0.72,0.8,0.08,,
313,313,assault,144.7250000427246,145.02499991088865,0.0,0.12,0.12,,
314,314,with,145.02499991088865,145.1449999658203,0.14,0.48,0.3399999999999999,,
315,315,a,145.1449999658203,145.17500002441406,0.68,0.8,0.12,,
316,316,pastry,145.17500002441406,145.83500005737304,0.0,0.16,0.16,,
317,317,and,146.8550000756836,146.97499995117187,0.1,0.26,0.16,1.0,0.13658536585365855
318,318,i,146.97499995117187,147.03500006835935,0.48,0.64,0.16,,
319,319,kind,147.03500006835935,147.28500001831054,0.0,0.16,0.16,,
320,320,of,147.28500001831054,147.35499997558594,0.9,0.9,0.0,,
321,321,liked,147.35499997558594,147.65500002319334,0.1,0.32,0.22,,
322,322,it,147.65500002319334,147.77500007812498,0.28,0.54,0.26,,
323,323,so,148.77500005737303,148.91499997192383,0.34,0.6,0.2599999999999999,,
324,324,the,148.91499997192383,148.99499994873045,0.06,0.1,0.04,,
325,325,first,148.99499994873045,149.27499995727538,0.0,0.16,0.16,,
326,326,thing,149.27499995727538,149.4850000085449,0.58,0.76,0.18,,
327,327,i,149.27499995727538,149.40500003173827,0.78,0.8,0.02,,
328,328,did,149.4850000085449,149.79500007568356,0.48,0.56,0.08,,
329,329,was,150.39499999145505,150.5150000463867,0.84,0.86,0.02,,
330,330,i,150.5150000463867,150.55499994506835,0.04,0.18,0.1399999999999999,,
331,331,gave,150.63499992187496,150.76499999633788,0.0,0.38,0.38,,
332,332,the,150.76499999633788,150.824999934082,0.48,0.64,0.16,,
333,333,figure,150.824999934082,151.2450000366211,0.0,0.16,0.16,,
334,334,a,151.2450000366211,151.27499991577147,0.52,0.82,0.2999999999999999,,
335,335,name,151.27499991577147,151.88500003051757,0.26,0.68,0.42,,
336,336,i,152.1349999804687,152.21499995727538,0.06,0.4,0.34,,
337,337,called,152.21499995727538,152.4250000085449,0.26,0.46,0.2,,
338,338,him,152.4250000085449,152.52500002441406,0.58,0.78,0.2,,
339,339,pie,152.52500002441406,152.8449999316406,0.06,0.46,0.4,,
340,340,man,152.8449999316406,153.13499995971677,0.32,0.78,0.46,,
341,341,capital,153.13499995971677,153.46500006591796,0.0,0.3,0.3,,
342,342,p,153.46500006591796,153.8950000085449,0.52,0.74,0.2199999999999999,,
343,343,capital,153.9850000048828,154.38500006835935,0.28,0.6,0.3199999999999999,,
344,344,m,154.38500006835935,154.7049999755859,0.6,0.78,0.18,,
345,345,and,155.50499992309568,155.65500003662106,0.46,0.56,0.1,,
346,346,i,155.65500003662106,155.69499993530272,0.44,0.52,0.08,,
347,347,described,155.69499993530272,156.18499999511715,0.02,0.1,0.08,,
348,348,him,156.18499999511715,156.28500001098632,0.64,0.66,0.02,,
349,349,as,156.28500001098632,156.40500006591793,0.68,0.72,0.0399999999999999,,
350,350,a,156.40500006591793,156.43499994506834,0.6,0.56,-0.0399999999999999,,
351,351,cape,156.43499994506834,156.8149999694824,0.0,0.24,0.24,,
352,352,wearing,156.8149999694824,157.20500001342774,0.4,0.54,0.14,,
353,353,masked,157.20500001342774,157.7950000891113,0.02,0.14,0.12,,
354,354,avenger,157.7950000891113,158.40500002441405,0.0,0.16,0.16,,
355,355,though,159.9349999621582,159.9950000793457,0.0,0.12,0.12,,
356,356,in,159.92499994262693,160.07500005615233,0.0,0.12,0.12,,
357,357,fact,160.07500005615233,160.34500004516602,0.0,0.16,0.16,,
358,358,hed,160.34500004516602,160.4649999206543,0.0,0.1,0.1,,
359,359,been,160.4649999206543,160.60500001464845,0.16,0.24,0.0799999999999999,,
360,360,capeless,160.60500001464845,161.2650000476074,0.0,0.1,0.1,,
361,361,and,162.0249999169922,162.14499997192382,0.48,0.58,0.0999999999999999,,
362,362,i,162.14499997192382,162.17500003051757,0.04,0.38,0.34,,
363,363,said,162.17500003051757,162.3650000427246,0.1,0.26,0.16,,
364,364,that,162.3650000427246,162.475000078125,0.36,0.46,0.1,,
365,365,as,162.475000078125,162.57499991455077,0.0,0.14,0.14,,
366,366,he,162.57499991455077,162.65500007080078,0.14,0.5,0.36,,
367,367,fled,162.65500007080078,162.95499993896482,0.0,0.18,0.18,,
368,368,the,162.95499993896482,163.01500005615233,0.56,0.56,0.0,,
369,369,scene,163.01500005615233,163.60499995239255,0.72,0.7,-0.02,,
370,370,he,163.97499995727537,164.1449999304199,0.48,0.64,0.16,,
371,371,clicked,164.1449999304199,164.524999954834,0.0,0.26,0.26,,
372,372,his,164.524999954834,164.70499994750975,0.38,0.78,0.4,,
373,373,heels,164.70499994750975,165.20500002685546,0.5,0.7,0.1999999999999999,,
374,374,in,165.20500002685546,165.3250000817871,0.02,0.08,0.06,,
375,375,rakish,165.3250000817871,165.68500006713867,0.0,0.16,0.16,,
376,376,glee,165.68500006713867,166.05500007202147,0.04,0.3,0.26,,
377,377,and,169.20499994384764,169.31499997924803,0.46,0.76,0.3,,
378,378,i,169.31499997924803,169.34500003784177,0.02,0.28,0.26,,
379,379,gave,169.34500003784177,169.61500002685543,0.06,0.2,0.14,,
380,380,him,169.61500002685543,169.70500002319335,0.84,0.8,-0.0399999999999999,,
381,381,a,169.70500002319335,169.74499992187498,0.66,0.82,0.1599999999999999,,
382,382,catchphrase,169.74499992187498,170.71500002197263,0.02,0.3,0.2799999999999999,,
383,383,in,171.6450000439453,171.81500001708983,0.0,0.4,0.4,,
384,384,latin,171.81500001708983,172.24499995971678,0.0,0.68,0.68,,
385,385,i,175.6950000585937,175.75499999633786,0.0,0.18,0.18,,
386,386,said,175.75499999633786,175.96500004760742,0.22,0.54,0.32,,
387,387,that,175.96500004760742,176.06500006347656,0.18,0.4,0.22,,
388,388,he,176.06500006347656,176.1250000012207,0.62,0.76,0.14,,
389,389,cried,176.1250000012207,176.515000045166,0.0,0.16,0.16,,
390,390,out,176.515000045166,176.85499999145506,0.24,0.4,0.16,,
391,391,ego,177.21499997680664,177.60500002075193,0.0,0.2,0.2,,
392,392,sum,177.60500002075193,178.28499991333007,0.1,0.14,0.04,,
393,393,non,178.5849999609375,179.05499998168943,0.0,0.26,0.26,,
394,394,an,179.05499998168943,179.53500002197262,0.02,0.06,0.0399999999999999,,
395,395,bestia,179.53500002197262,180.28500005126952,0.0,0.22,0.22,,
396,396,which,181.75500005126952,181.94500006347656,0.08,0.3,0.2199999999999999,,
397,397,means,181.94500006347656,182.2449999316406,0.74,0.58,-0.16,,
398,398,i,182.2449999316406,182.98499994140624,0.28,0.64,0.36,,
399,399,am,182.98499994140624,183.17499995361325,0.52,0.62,0.0999999999999999,,
400,400,not,183.17499995361325,183.6449999743652,0.22,0.56,0.3400000000000001,,
401,401,an,183.78500006835932,183.99499994018552,0.06,0.5,0.44,,
402,402,animal,183.99499994018552,184.8050000866699,0.26,0.68,0.42,1.0,0.22439024390243903
403,403,which,186.14500001220705,186.40499998168943,0.02,0.26,0.24,,
404,404,makes,186.40499998168943,186.85499996337887,0.0,0.2,0.2,,
405,405,no,186.9649999987793,187.34500002319336,0.04,0.52,0.48,,
406,406,sense,187.34500002319336,188.02499991577147,0.7,0.78,0.08,,
407,407,i,189.8550000805664,189.97499995605463,0.04,0.12,0.0799999999999999,,
408,408,needed,189.97499995605463,190.2549999645996,0.0,0.14,0.14,,
409,409,something,190.2549999645996,190.8650000793457,0.06,0.28,0.22,,
410,410,im,191.5149999133301,191.7049999255371,0.0,0.1,0.1,,
411,411,catholic,191.7049999255371,192.30500002075192,0.0,0.3,0.3,,
412,412,latin,192.30500002075192,192.63499994750973,0.0,0.16,0.16,,
413,413,just,192.63499994750973,192.87500005737303,0.0,0.22,0.22,,
414,414,comes,192.87500005737303,193.1149999877929,0.02,0.4,0.38,,
415,415,to,193.1149999877929,193.21500000366208,0.24,0.44,0.2,,
416,416,me,193.21500000366208,193.42500005493164,0.5,0.76,0.26,1.0,0.2048780487804878
417,417,so,195.43500003295892,195.584999967041,0.0,0.24,0.24,,
418,418,i,195.584999967041,195.625000045166,0.54,0.68,0.14,,
419,419,finish,195.625000045166,195.9349999328613,0.0,0.2,0.2,,
420,420,my,195.9349999328613,196.0249999291992,0.12,0.42,0.3,,
421,421,story,196.0249999291992,196.44500003173823,0.54,0.72,0.1799999999999999,,
422,422,and,196.60499998535155,196.71500002075197,0.58,0.8,0.22,,
423,423,i,196.71500002075197,196.7450000793457,0.28,0.48,0.1999999999999999,,
424,424,hand,196.7450000793457,196.9649999707031,0.02,0.1,0.08,,
425,425,it,196.9649999707031,197.02500008789065,0.58,0.66,0.08,,
426,426,to,197.02500008789065,197.1349999438476,0.66,0.66,0.0,,
427,427,dwyer,197.1349999438476,197.61499998413083,0.0,0.06,0.06,,
428,428,and,197.73500003906247,197.8250000354004,0.26,0.58,0.3199999999999999,,
429,429,he,197.8250000354004,197.91500003173823,0.68,0.72,0.0399999999999999,,
430,430,reads,197.91500003173823,198.1950000402832,0.36,0.16,-0.1999999999999999,,
431,431,and,198.1950000402832,198.2950000561523,0.0,0.08,0.08,,
432,432,he,198.2950000561523,198.40499991210936,0.16,0.12,-0.04,,
433,433,says,198.40499991210936,198.7749999169922,0.44,0.52,0.08,,
434,434,pie,199.4050000708008,199.68500007934568,0.0,0.12,0.12,,
435,435,man,199.68500007934568,200.18499997924803,0.78,0.82,0.0399999999999999,,
436,436,i,201.07499992309567,201.21500001708984,0.02,0.32,0.3,,
437,437,love,201.21500001708984,201.505000045166,0.12,0.42,0.3,,
438,438,it,201.505000045166,201.69500005737305,0.32,0.68,0.36,,
439,439,page,201.69500005737305,202.0550000427246,0.0,0.2,0.2,,
440,440,one,202.0550000427246,202.41500002807612,0.3,0.72,0.42,1.0,0.22926829268292684
441,441,and,204.5649999206543,204.75499993286127,0.1,0.36,0.26,,
442,442,thats,204.75499993286127,205.3249999694824,0.0,0.18,0.18,,
443,443,how,205.4650000634765,205.61499999755856,0.14,0.42,0.2799999999999999,,
444,444,the,205.61499999755856,205.684999954834,0.02,0.2,0.18,,
445,445,first,205.684999954834,206.11500007690427,0.0,0.2,0.2,,
446,446,line,206.11500007690427,206.575000078125,0.02,0.22,0.2,,
447,447,got,206.9250000439453,207.13499991577143,0.0,0.16,0.16,,
448,448,crossed,207.13499991577143,207.6949999328613,0.04,0.4,0.36,1.0,0.36097560975609755
449,449,a,209.39500002319332,209.665000012207,0.0,0.1,0.1,,
450,450,few,209.54499995727537,209.74499998901365,0.02,0.16,0.14,,
451,451,days,209.74499998901365,209.9550000402832,0.08,0.38,0.3,,
452,452,later,209.9550000402832,210.2150000097656,0.36,0.72,0.36,,
453,453,i,210.2150000097656,210.24500006835936,0.48,0.82,0.3399999999999999,,
454,454,get,210.24500006835936,210.38499998291013,0.04,0.36,0.32,,
455,455,a,210.38499998291013,210.41500004150387,0.52,0.76,0.24,,
456,456,letter,210.41500004150387,210.85500000366207,0.22,0.36,0.1399999999999999,,
457,457,it,212.01499993652345,212.1550000305176,0.0,0.12,0.12,,
458,458,says,212.1550000305176,212.45500007812495,0.26,0.52,0.26,,
459,459,dear,212.45500007812495,212.63500007080077,0.04,0.18,0.1399999999999999,,
460,460,jim,212.63500007080077,212.94499995849608,0.04,0.34,0.3,,
461,461,good,213.5149999951172,213.65500008911133,0.0,0.14,0.14,,
462,462,story,213.65500008911133,214.19500006713864,0.06,0.38,0.32,,
463,463,nice,214.28500006347653,214.6450000488281,0.0,0.18,0.18,,
464,464,details,214.6849999475097,215.55500003173827,0.0,0.22,0.22,,
465,465,if,216.33499994018555,216.4549999951172,0.0,0.38,0.38,,
466,466,you,216.4549999951172,216.5950000891113,0.64,0.88,0.24,,
467,467,want,216.5950000891113,216.77500008178708,0.3,0.64,0.34,,
468,468,to,216.77500008178708,216.84500003906248,0.62,0.74,0.12,,
469,469,see,216.84500003906248,217.1250000476074,0.0,0.54,0.54,,
470,470,me,217.1250000476074,217.36499997802733,0.22,0.48,0.26,,
471,471,again,217.36499997802733,218.0049999719238,0.1,0.36,0.26,,
472,472,in,218.0049999719238,218.1849999645996,0.0,0.18,0.18,,
473,473,action,218.1849999645996,218.75500000122068,0.02,0.54,0.52,,
474,474,be,219.59500002685544,219.73499994140624,0.02,0.2,0.18,,
475,475,on,219.73499994140624,219.84499997680663,0.02,0.12,0.0999999999999999,,
476,476,the,219.84499997680663,219.9049999145508,0.64,0.72,0.0799999999999999,,
477,477,steps,219.9049999145508,220.29499995849608,0.02,0.4,0.38,,
478,478,of,220.29499995849608,220.40499999389647,0.5,0.78,0.28,,
479,479,duane,220.40499999389647,220.7050000415039,0.0,0.14,0.14,,
480,480,library,220.7050000415039,221.2849999182129,0.04,0.46,0.42,,
481,481,tuesday,221.2849999182129,222.00500006835935,0.0,0.12,0.12,,
482,482,at,222.00500006835935,222.16500002197265,0.38,0.66,0.28,,
483,483,three,222.16500002197265,222.40499995239256,0.04,0.26,0.22,,
484,484,oclock,222.40499995239256,222.87499997314453,0.56,0.48,-0.08,,
485,485,signed,224.0850000036621,224.8250000134277,0.0,0.2,0.2,,
486,486,pie,225.3750000109863,225.685000078125,0.46,0.72,0.2599999999999999,,
487,487,man,225.685000078125,225.9650000866699,0.88,0.86,-0.02,1.0,0.2780487804878049
488,488,so,229.1450000170898,229.3250000097656,0.1,0.5,0.4,,
489,489,i,229.3250000097656,229.4649999243164,0.66,0.88,0.2199999999999999,,
490,490,was,229.4649999243164,229.6749999755859,0.08,0.18,0.0999999999999999,,
491,491,there,229.6749999755859,230.3249999890137,0.02,0.22,0.2,,
492,492,with,230.9750000024414,231.09500005737303,0.0,0.18,0.18,,
493,493,a,231.09500005737303,231.1249999365234,0.0,0.34,0.34,,
494,494,photographer,231.1249999365234,231.77499994995117,0.04,0.34,0.3,,
495,495,from,231.77499994995117,231.97499998168945,0.0,0.22,0.22,,
496,496,the,231.97499998168945,232.0349999194336,0.78,0.76,-0.02,,
497,497,ram,232.0349999194336,232.52499997924804,0.0,0.32,0.32,,
498,498,and,233.2349999304199,233.3650000048828,0.12,0.54,0.42,,
499,499,sure,233.3650000048828,233.5550000170898,0.0,0.12,0.12,,
500,500,enough,233.5550000170898,233.8949999633789,0.48,0.74,0.26,,
501,501,out,234.27499998779297,234.43499994140623,0.0,0.1,0.1,,
502,502,comes,234.43499994140623,234.70499993041992,0.08,0.22,0.14,,
503,503,sheila,234.70499993041992,235.1350000524902,0.0,0.16,0.16,,
504,504,beale,235.1350000524902,235.63499995239255,0.0,0.14,0.14,,
505,505,student,235.9049999414062,236.3350000634765,0.0,0.1,0.1,,
506,506,body,236.3350000634765,236.61500007202147,0.16,0.38,0.22,,
507,507,president,236.61500007202147,237.25500006591795,0.74,0.7,-0.04,,
508,508,and,238.1349999902344,238.27500008422848,0.5,0.42,-0.08,,
509,509,now,238.27500008422848,238.33500002197263,0.0,0.04,0.04,,
510,510,sheila,238.33500002197263,238.6749999682617,0.0,0.08,0.08,,
511,511,was,238.6749999682617,238.915000078125,0.14,0.14,0.0,,
512,512,different,238.915000078125,239.22499996582027,0.0,0.1,0.1,,
513,513,from,239.22499996582027,239.42499999755856,0.3,0.44,0.14,,
514,514,me,239.42499999755856,240.04499995239252,0.0,0.16,0.16,,
515,515,and,240.42499997680665,240.61499998901365,0.2,0.5,0.3,,
516,516,all,240.61499998901365,240.84500007934568,0.0,0.1,0.1,,
517,517,the,240.84500007934568,240.95499993530268,0.44,0.52,0.08,,
518,518,other,240.95499993530268,241.0749999902344,0.3,0.54,0.24,,
519,519,fordham,241.0749999902344,241.4750000537109,0.0,0.1,0.1,,
520,520,students,241.4750000537109,241.87499993774412,0.56,0.64,0.0799999999999999,,
521,521,who,241.87499993774412,241.964999934082,0.04,0.18,0.1399999999999999,,
522,522,wore,241.964999934082,242.13500008666992,0.0,0.1,0.1,,
523,523,flannel,242.13500008666992,242.5750000488281,0.0,0.24,0.24,,
524,524,shirts,242.5750000488281,242.9749999328613,0.48,0.48,0.0,,
525,525,and,242.9749999328613,243.0849999682617,0.48,0.72,0.24,,
526,526,worked,243.0849999682617,243.3449999377441,0.0,0.12,0.12,,
527,527,part,243.3449999377441,243.5249999304199,0.02,0.3,0.2799999999999999,,
528,528,time,243.5249999304199,243.755000020752,0.72,0.8,0.08,,
529,529,jobs,243.755000020752,244.21500002197263,0.16,0.38,0.22,,
530,530,sheila,244.945000012207,245.41500003295891,0.04,0.16,0.12,,
531,531,was,245.41500003295891,245.9650000305176,0.46,0.7,0.2399999999999999,,
532,532,well,246.1949999414062,246.51500002807612,0.0,0.14,0.14,,
533,533,bred,246.51500002807612,247.1149999438477,0.0,0.2,0.2,,
534,534,sheila,247.46500008911133,247.82500007446285,0.0,0.08,0.08,,
535,535,had,247.82500007446285,248.32499997436523,0.16,0.14,-0.0199999999999999,,
536,536,school,248.5250000061035,249.04499994506835,0.0,0.12,0.12,,
537,537,spirit,249.04499994506835,249.7049999780273,0.1,0.56,0.4600000000000001,,
538,538,sheila,251.77500007324213,252.11500001953124,0.02,0.18,0.16,,
539,539,was,252.11500001953124,252.25499993408204,0.4,0.56,0.16,,
540,540,the,252.25499993408204,252.3250000708008,0.12,0.3,0.18,,
541,541,kind,252.3250000708008,252.5349999426269,0.02,0.22,0.2,,
542,542,of,252.5349999426269,252.59500005981445,0.86,0.88,0.02,,
543,543,student,252.59500005981445,252.91499996704096,0.12,0.48,0.36,,
544,544,that,252.91499996704096,253.0450000415039,0.22,0.4,0.18,,
545,545,dean,253.0450000415039,253.2150000146484,0.1,0.46,0.36,,
546,546,mcgowan,253.2150000146484,253.61500007812495,0.8,0.8,0.0,,
547,547,wanted,253.61500007812495,253.8950000866699,0.24,0.42,0.18,,
548,548,more,253.8950000866699,254.22500001342772,0.02,0.18,0.16,,
549,549,of,254.22500001342772,254.4450000842285,0.68,0.68,0.0,,
550,550,although,255.8750000061035,256.2550000305176,0.0,0.1,0.1,,
551,551,rumor,256.2550000305176,256.57499993774417,0.0,0.2,0.2,,
552,552,had,256.57499993774417,256.8850000048828,0.34,0.52,0.18,,
553,553,it,256.8850000048828,257.134999954834,0.72,0.86,0.14,,
554,554,that,257.134999954834,257.2850000683593,0.66,0.74,0.0799999999999999,,
555,555,he,257.2850000683593,257.40499994384766,0.26,0.52,0.26,,
556,556,got,257.40499994384766,257.59499995605466,0.0,0.24,0.24,,
557,557,plenty,257.59499995605466,257.89500000366206,0.0,0.34,0.34,,
558,558,of,257.89500000366206,258.025000078125,0.9,0.88,-0.02,,
559,559,her,258.025000078125,258.44500000122065,0.0,0.54,0.54,,
560,560,in,258.44500000122065,258.5750000756836,0.04,0.3,0.26,,
561,561,his,258.5750000756836,258.7350000292968,0.18,0.62,0.44,,
562,562,office,258.7350000292968,259.4249999414062,0.34,0.78,0.44,,
563,563,on,259.46500001953126,259.6149999536133,0.0,0.46,0.46,,
564,564,his,259.6149999536133,259.7750000866699,0.1,0.58,0.48,,
565,565,desk,259.7750000866699,260.2749999865722,0.6,0.76,0.16,,
566,566,oh,260.0350000561523,261.775000045166,0.0,0.0,0.0,,
567,567,but,262.31500002319336,262.52500007446287,0.04,0.34,0.3,,
568,568,thats,262.3649999414062,262.5749999926757,0.0,0.12,0.12,,
569,569,just,262.5749999926757,262.7549999853516,0.3,0.48,0.18,,
570,570,a,262.7549999853516,262.7950000634765,0.54,0.74,0.1999999999999999,,
571,571,rumor,262.7950000634765,263.05500003295896,0.72,0.8,0.08,,
572,572,please,263.05500003295896,263.34500006103514,0.0,0.1,0.1,,
573,573,do,263.34500006103514,263.44500007690425,0.02,0.14,0.12,,
574,574,not,263.44500007690425,263.64499992919923,0.7,0.86,0.16,,
575,575,spread,263.64499992919923,263.9349999572754,0.08,0.34,0.26,,
576,576,it,263.9349999572754,264.1750000671387,0.24,0.2,-0.0399999999999999,,
577,577,outside,264.1750000671387,264.5150000134277,0.0,0.36,0.36,,
578,578,this,264.5150000134277,264.7050000256348,0.14,0.42,0.2799999999999999,,
579,579,room,264.7050000256348,265.0549999914551,0.16,0.76,0.6,,
580,580,i,266.2249999438476,266.3149999401855,0.16,0.26,0.1,,
581,581,myself,266.2249999438476,266.65500006591793,0.0,0.14,0.14,,
582,582,would,266.65500006591793,266.77499994140624,0.02,0.3,0.2799999999999999,,
583,583,never,266.77499994140624,267.07499998901363,0.04,0.44,0.4,,
584,584,say,267.07499998901363,267.31499991943355,0.16,0.48,0.3199999999999999,,
585,585,that,267.31499991943355,268.2250000817871,0.2,0.38,0.18,1.0,0.28292682926829266
586,586,but,268.5349999694824,268.66500004394527,0.02,0.14,0.12,,
587,587,the,268.66500004394527,268.7249999816894,0.0,0.12,0.12,,
588,588,fact,268.7249999816894,269.09499998657225,0.02,0.12,0.0999999999999999,,
589,589,was,269.09499998657225,269.4549999719238,0.0,0.2,0.2,,
590,590,sheila,269.61499992553706,269.99499994995114,0.02,0.16,0.14,,
591,591,had,269.99499994995114,270.1550000830078,0.04,0.16,0.12,,
592,592,collaborated,270.1550000830078,270.8249999560547,0.0,0.14,0.14,,
593,593,with,270.8249999560547,270.94500001098635,0.86,0.92,0.06,,
594,594,the,270.94500001098635,271.0049999487305,0.16,0.38,0.22,,
595,595,dean,271.0049999487305,271.5050000280761,0.64,0.82,0.1799999999999999,,
596,596,to,271.834999954834,271.94499999023435,0.2,0.42,0.2199999999999999,,
597,597,ban,271.94499999023435,272.535000065918,0.0,0.34,0.34,,
598,598,outdoor,272.5749999645996,273.1149999426269,0.0,0.2,0.2,,
599,599,drinking,273.1149999426269,273.5849999633789,0.0,0.66,0.66,,
600,600,on,273.5849999633789,273.7950000146484,0.18,0.34,0.16,,
601,601,campus,273.7950000146484,274.4450000280761,0.46,0.62,0.1599999999999999,,
602,602,the,274.80500001342773,274.9449999279785,0.02,0.16,0.14,,
603,603,infamous,274.9449999279785,275.43499998779293,0.0,0.14,0.14,,
604,604,no,275.4450000073241,275.67499991821285,0.02,0.3,0.2799999999999999,,
605,605,more,275.67499991821285,275.9350000671386,0.02,0.16,0.14,,
606,606,beer,275.9350000671386,276.4650000256347,0.08,0.34,0.26,,
607,607,at,276.4650000256347,276.6149999597168,0.02,0.38,0.36,,
608,608,barbecues,276.6149999597168,277.1549999377441,0.0,0.22,0.22,,
609,609,rule,277.1549999377441,277.41500008666986,0.06,0.3,0.24,,
610,610,thats,277.49500006347654,277.69499991577146,0.0,0.12,0.12,,
611,611,right,277.69499991577146,278.00499998291014,0.0,0.2,0.2,,
612,612,boo,278.00499998291014,278.1849999755859,0.0,0.18,0.18,,
613,613,that,278.1849999755859,278.3449999291992,0.02,0.26,0.24,,
614,614,rule,278.3449999291992,278.7449999926758,0.18,0.3,0.12,1.0,0.24390243902439024
615,615,sheila,281.4049999841308,281.7150000512695,0.02,0.18,0.16,,
616,616,thought,281.7150000512695,281.9850000402832,0.0,0.18,0.18,,
617,617,drinking,281.9850000402832,282.2650000488281,0.0,0.18,0.18,,
618,618,in,282.2650000488281,282.355000045166,0.02,0.2,0.18,,
619,619,public,282.355000045166,282.8950000231933,0.22,0.5,0.28,,
620,620,was,283.2349999694824,283.40499994262694,0.6,0.8,0.2,,
621,621,in,283.40499994262694,283.50499995849606,0.02,0.16,0.14,,
622,622,poor,283.50499995849606,283.8749999633789,0.12,0.46,0.34,,
623,623,taste,283.8749999633789,284.4550000195312,0.6,0.84,0.24,,
624,624,i,286.4050000598144,286.4950000561523,0.0,0.14,0.14,,
625,625,think,286.4950000561523,286.7550000256348,0.18,0.2,0.02,,
626,626,you,286.7550000256348,286.8550000415039,0.0,0.16,0.16,,
627,627,know,286.8550000415039,287.425000078125,0.16,0.46,0.3,,
628,628,what,287.425000078125,287.6249999304199,0.28,0.6,0.3199999999999999,,
629,629,happened,287.6249999304199,288.0149999743652,0.06,0.36,0.3,,
630,630,next,288.0149999743652,288.47499997558594,0.36,0.68,0.32,1.0,0.2
631,631,pie,290.1650000463867,290.474999934082,0.14,0.36,0.2199999999999999,,
632,632,man,290.474999934082,290.6749999658203,0.88,0.88,0.0,,
633,633,emerged,290.6749999658203,291.2949999206543,0.0,0.14,0.14,,
634,634,from,292.03499993042,292.21499992309566,0.54,0.62,0.0799999999999999,,
635,635,behind,292.21499992309566,292.4750000720215,0.04,0.38,0.34,,
636,636,the,292.4750000720215,292.5350000097656,0.46,0.54,0.08,,
637,637,late,292.5350000097656,292.8849999755859,0.0,0.12,0.12,,
638,638,night,292.8849999755859,293.1950000427246,0.1,0.26,0.16,,
639,639,library,293.1950000427246,293.64500002441406,0.02,0.16,0.14,,
640,640,drop,293.64500002441406,293.9949999902343,0.02,0.16,0.14,,
641,641,box,293.9949999902343,294.4249999328613,0.28,0.48,0.1999999999999999,,
642,642,made,294.75500003906245,294.98499994995115,0.0,0.06,0.06,,
643,643,his,294.98499994995115,295.1749999621581,0.14,0.18,0.0399999999999999,,
644,644,delivery,295.1749999621581,295.7550000183105,0.0,0.12,0.12,,
645,645,and,296.0049999682617,296.1150000036621,0.14,0.32,0.18,,
646,646,fled,296.1150000036621,296.3849999926758,0.04,0.08,0.04,,
647,647,away,296.3849999926758,296.75499999755857,0.02,0.1,0.08,,
648,648,crying,297.85499999267574,298.3749999316406,0.02,0.08,0.06,,
649,649,ego,298.5150000256347,298.8850000305175,0.12,0.34,0.22,,
650,650,sum,298.8850000305175,299.5849999621582,0.3,0.38,0.08,,
651,651,non,299.77499997436524,300.1249999401855,0.2,0.4,0.2,,
652,652,an,300.28500007324214,300.5049999645996,0.1,0.22,0.12,,
653,653,bestia,300.55500006225583,301.1850000366211,0.36,0.46,0.1,1.0,0.18536585365853658
654,654,or,303.6750000549316,304.24499991210934,0.0,0.12,0.12,,
655,655,at,304.24499991210934,304.4250000842285,0.0,0.18,0.18,,
656,656,least,304.4250000842285,304.6249999365234,0.34,0.46,0.12,,
657,657,thats,304.6249999365234,304.8450000073242,0.16,0.44,0.28,,
658,658,what,304.8450000073242,304.96500006225585,0.72,0.76,0.04,,
659,659,it,304.96500006225585,305.0350000195312,0.12,0.1,-0.0199999999999999,,
660,660,said,305.0350000195312,305.2749999499511,0.04,0.44,0.4,,
661,661,in,305.2749999499511,305.364999946289,0.42,0.66,0.24,,
662,662,my,305.364999946289,305.5349999194336,0.12,0.46,0.34,,
663,663,story,305.5349999194336,305.875000045166,0.4,0.6,0.1999999999999999,,
664,664,in,305.875000045166,305.94500000244136,0.06,0.14,0.08,,
665,665,the,305.94500000244136,306.0049999401855,0.72,0.86,0.14,,
666,666,newspaper,306.0049999401855,306.495,0.14,0.26,0.12,,
667,667,the,306.495,306.58499999633784,0.24,0.42,0.18,,
668,668,next,306.58499999633784,306.83499994628903,0.38,0.72,0.3399999999999999,,
669,669,day,306.83499994628903,307.114999954834,0.6,0.7,0.0999999999999999,1.0,0.2097560975609756
670,670,which,308.2450000085449,308.54500005615233,0.02,0.08,0.06,,
671,671,ran,308.54500005615233,308.815000045166,0.0,0.14,0.14,,
672,672,with,308.815000045166,308.9549999597168,0.0,0.14,0.14,,
673,673,a,308.9549999597168,308.9850000183105,0.08,0.38,0.3,,
674,674,photo,308.9850000183105,309.89500000122064,0.02,0.22,0.2,,
675,675,of,309.89500000122064,310.0649999743652,0.72,0.8,0.08,,
676,676,him,310.0649999743652,310.48500007690427,0.0,0.14,0.14,,
677,677,leaving,310.99499999633787,311.39500005981444,0.0,0.1,0.1,,
678,678,the,311.39500005981444,311.45499999755856,0.84,0.82,-0.02,,
679,679,scene,311.45499999755856,311.8949999597168,0.66,0.8,0.14,,
680,680,cape,311.8949999597168,312.3850000195312,0.0,0.18,0.18,,
681,681,flowing,312.3850000195312,312.8249999816894,0.06,0.28,0.22,,
682,682,behind,312.8249999816894,313.26499994384767,0.36,0.32,-0.0399999999999999,,
683,683,him,313.26499994384767,313.5750000109863,0.74,0.82,0.0799999999999999,,
684,684,doing,313.8149999414062,314.11499998901365,0.0,0.12,0.12,,
685,685,this,314.11499998901365,314.50500003295895,0.0,0.2,0.2,,
686,686,ns,315.31499999999994,316.2949999401856,0.0,0.0,0.0,1.0,0.14634146341463414
687,687,and,317.4749999121093,317.6849999633789,0.02,0.18,0.16,,
688,688,thats,317.6849999633789,318.2449999804687,0.0,0.1,0.1,,
689,689,what,318.3650000354004,318.5049999499512,0.3,0.34,0.04,,
690,690,made,318.5049999499512,318.74500005981446,0.0,0.14,0.14,,
691,691,him,318.74500005981446,318.88499997436526,0.16,0.34,0.18,,
692,692,a,318.88499997436526,318.915000032959,0.18,0.3,0.12,,
693,693,sensation,318.915000032959,319.88499995361326,0.0,0.2,0.2,,
694,694,on,319.95499991088866,320.15499994262694,0.26,0.4,0.14,,
695,695,campus,320.15499994262694,320.7049999401855,0.46,0.68,0.22,,
696,696,people,321.1050000036621,321.3349999145508,0.0,0.14,0.14,,
697,697,started,321.3349999145508,321.62499994262697,0.08,0.18,0.0999999999999999,,
698,698,dressing,321.62499994262697,322.0849999438476,0.0,0.24,0.24,,
699,699,like,322.0849999438476,322.30500001464844,0.46,0.48,0.0199999999999999,,
700,700,him,322.30500001464844,322.5950000427246,0.54,0.62,0.0799999999999999,,
701,701,and,322.5950000427246,322.86500003173825,0.58,0.78,0.2,,
702,702,and,322.7050000781249,323.26499991577145,0.0,0.0,0.0,,
703,703,quoting,323.2949999743652,323.6449999401855,0.0,0.06,0.06,,
704,704,him,323.6449999401855,323.8050000732422,0.32,0.38,0.06,,
705,705,in,323.8050000732422,323.92499994873043,0.04,0.38,0.34,,
706,706,class,323.92499994873043,324.4450000671386,0.1,0.28,0.18,,
707,707,the,324.9249999279785,325.00500008422847,0.02,0.18,0.16,,
708,708,ram,325.00500008422847,325.39499994873046,0.0,0.14,0.14,,
709,709,ran,325.39499994873046,325.57499994140625,0.02,0.38,0.36,,
710,710,five,325.57499994140625,326.0150000830078,0.0,0.4,0.4,,
711,711,major,326.0150000830078,326.26500003295894,0.0,0.12,0.12,,
712,712,stories,326.26500003295894,326.6749999365234,0.54,0.72,0.1799999999999999,,
713,713,about,326.6749999365234,326.86499994873043,0.44,0.5,0.06,,
714,714,pie,326.86499994873043,327.0850000195312,0.34,0.42,0.0799999999999999,,
715,715,man,327.0850000195312,327.3550000085449,0.88,0.82,-0.06,,
716,716,all,327.5949999389648,327.8150000097656,0.0,0.26,0.26,,
717,717,of,327.8150000097656,327.89499998657226,0.18,0.2,0.02,,
718,718,them,327.89499998657226,328.0649999597168,0.36,0.52,0.16,,
719,719,by,328.0649999597168,328.2449999523925,0.0,0.1,0.1,,
720,720,me,328.2449999523925,328.46500002319334,0.5,0.66,0.16,1.0,0.25365853658536586
721,721,and,329.9149999841308,330.0849999572754,0.52,0.56,0.04,,
722,722,toward,330.0849999572754,330.2649999499511,0.0,0.06,0.06,,
723,723,the,330.2649999499511,330.3449999267578,0.82,0.82,0.0,,
724,724,end,330.3449999267578,330.4850000207519,0.68,0.74,0.0599999999999999,,
725,725,of,330.4850000207519,330.5449999584961,0.74,0.78,0.04,,
726,726,this,330.5449999584961,330.76500002929686,0.0,0.1,0.1,,
727,727,run,330.76500002929686,330.94500002197265,0.02,0.1,0.08,,
728,728,i,330.94500002197265,331.014999979248,0.44,0.56,0.12,,
729,729,was,331.014999979248,331.16499991333006,0.26,0.52,0.26,,
730,730,out,331.16499991333006,331.2749999487304,0.02,0.14,0.12,,
731,731,at,331.2749999487304,331.3549999255371,0.02,0.5,0.48,,
732,732,a,331.3549999255371,331.38499998413084,0.14,0.56,0.42,,
733,733,bar,331.38499998413084,331.6950000512695,0.12,0.64,0.52,,
734,734,one,331.6950000512695,331.89500008300774,0.06,0.14,0.08,,
735,735,night,331.89500008300774,332.2450000488281,0.48,0.62,0.14,,
736,736,and,332.2450000488281,332.3749999438476,0.4,0.66,0.26,,
737,737,i,332.3749999438476,332.4350000610352,0.42,0.56,0.14,,
738,738,saw,332.4350000610352,332.8349999450683,0.42,0.48,0.06,,
739,739,i,333.5150000170898,333.764999967041,0.0,0.06,0.06,,
740,740,came,333.764999967041,334.11499993286134,0.0,0.06,0.06,,
741,741,in,334.11499993286134,334.1950000891113,0.04,0.16,0.12,,
742,742,i,334.1950000891113,334.25500002685544,0.0,0.04,0.04,,
743,743,saw,334.25500002685544,334.4049999609375,0.3,0.52,0.22,,
744,744,in,334.4049999609375,334.50499997680663,0.0,0.08,0.08,,
745,745,the,334.50499997680663,334.56499991455075,0.8,0.74,-0.06,,
746,746,corner,334.56499991455075,335.4349999987793,0.32,0.44,0.12,,
747,747,angela,336.52499997436524,337.01500003417965,0.0,0.18,0.18,,
748,748,from,337.01500003417965,337.26499998413084,0.02,0.24,0.22,,
749,749,my,337.26499998413084,337.3950000585937,0.04,0.38,0.34,,
750,750,brit,337.3950000585937,337.6650000476073,0.0,0.3,0.3,,
751,751,lit,337.6650000476073,337.8550000598144,0.12,0.46,0.34,,
752,752,class,337.8550000598144,338.4750000146484,0.66,0.8,0.14,,
753,753,drinking,338.7750000622558,339.0849999499511,0.0,0.14,0.14,,
754,754,with,339.0849999499511,339.2050000048828,0.1,0.4,0.3,,
755,755,some,339.2050000048828,339.36499995849607,0.02,0.36,0.3399999999999999,,
756,756,friends,339.36499995849607,339.8149999401855,0.28,0.68,0.4,,
757,757,and,340.2450000622558,340.3849999768066,0.44,0.66,0.22,,
758,758,now,340.3849999768066,340.49500001220696,0.0,0.14,0.14,,
759,759,angela,340.49500001220696,340.8449999780273,0.0,0.22,0.22,,
760,760,and,340.8449999780273,340.9349999743652,0.02,0.36,0.3399999999999999,,
761,761,i,340.9349999743652,341.0550000292968,0.42,0.7,0.2799999999999999,,
762,762,had,341.0550000292968,341.2250000024414,0.0,0.36,0.36,,
763,763,been,341.2250000024414,341.5150000305176,0.1,0.46,0.36,,
764,764,flirting,341.5749999682617,342.06500002807616,0.02,0.58,0.5599999999999999,,
765,765,for,342.06500002807616,342.24500002075195,0.16,0.32,0.16,,
766,766,two,342.24500002075195,342.4350000329589,0.0,0.18,0.18,,
767,767,months,342.4350000329589,342.87499999511715,0.24,0.48,0.24,,
768,768,or,343.8749999743652,344.1850000415039,0.02,0.24,0.22,,
769,769,i,344.8549999145507,345.0150000476074,0.04,0.28,0.24,,
770,770,had,345.0150000476074,345.17500000122067,0.04,0.36,0.32,,
771,771,been,345.17500000122067,345.334999954834,0.3,0.64,0.34,,
772,772,flirting,345.334999954834,345.81499999511715,0.38,0.66,0.28,,
773,773,with,345.81499999511715,345.92500003051754,0.74,0.66,-0.0799999999999999,,
774,774,her,345.92500003051754,346.34499995361324,0.7,0.82,0.12,,
775,775,and,347.7149999377441,347.9149999694824,0.26,0.32,0.06,,
776,776,with,347.9149999694824,348.0250000048828,0.0,0.08,0.08,,
777,777,such,348.0250000048828,348.4350000878906,0.0,0.16,0.16,,
778,778,nuance,348.695000057373,349.3450000708008,0.0,0.14,0.14,,
779,779,that,349.3450000708008,349.5449999230957,0.42,0.56,0.14,,
780,780,there,349.65499995849603,349.81499991210933,0.0,0.08,0.08,,
781,781,was,349.81499991210933,349.9650000256347,0.76,0.74,-0.02,,
782,782,a,349.9650000256347,350.00499992431634,0.3,0.22,-0.0799999999999999,,
783,783,question,350.00499992431634,350.42500002685546,0.0,0.18,0.18,,
784,784,about,350.42500002685546,350.6549999377441,0.1,0.1,0.0,,
785,785,whether,350.6549999377441,350.8349999304199,0.26,0.42,0.1599999999999999,,
786,786,she,350.8349999304199,351.04499998168944,0.3,0.44,0.14,,
787,787,knew,351.04499998168944,351.27500007202144,0.1,0.28,0.18,,
788,788,i,351.27500007202144,351.4250000061035,0.38,0.46,0.08,,
789,789,existed,351.4250000061035,351.9950000427246,0.02,0.36,0.3399999999999999,1.0,0.17560975609756097
790,790,so,354.39500006469723,354.5850000769043,0.0,0.3,0.3,,
791,791,i,354.5850000769043,354.8450000463867,0.76,0.78,0.02,,
792,792,i,354.8450000463867,354.9749999414062,0.02,0.04,0.02,,
793,793,saw,354.9749999414062,355.23499991088863,0.0,0.04,0.04,,
794,794,her,355.23499991088863,355.3750000048828,0.5,0.64,0.14,,
795,795,there,355.3750000048828,355.5650000170898,0.04,0.06,0.0199999999999999,,
796,796,and,355.5650000170898,355.6550000134277,0.44,0.64,0.2,,
797,797,made,355.6550000134277,355.8049999475097,0.0,0.02,0.02,,
798,798,a,355.8049999475097,355.8350000061035,0.26,0.34,0.08,,
799,799,mental,355.8350000061035,356.13500005371094,0.0,0.08,0.08,,
800,800,note,356.13500005371094,356.38500000366207,0.44,0.6,0.1599999999999999,,
801,801,to,356.38500000366207,356.51500007812496,0.38,0.52,0.14,,
802,802,do,356.51500007812496,356.67500003173825,0.0,0.14,0.14,,
803,803,nothing,356.67500003173825,356.99499993896484,0.04,0.34,0.3,,
804,804,about,356.99499993896484,357.27499994750974,0.3,0.3,0.0,,
805,805,it,357.27499994750974,357.36499994384764,0.64,0.74,0.0999999999999999,,
806,806,and,358.9549999987793,359.0449999951172,0.32,0.46,0.14,,
807,807,then,359.0449999951172,359.1550000305176,0.1,0.24,0.1399999999999999,,
808,808,i,359.1550000305176,359.2149999682617,0.46,0.4,-0.06,,
809,809,went,359.2149999682617,359.39499996093747,0.12,0.24,0.12,,
810,810,to,359.39499996093747,359.47499993774414,0.58,0.52,-0.0599999999999999,,
811,811,the,359.47499993774414,359.54500007446285,0.64,0.56,-0.0799999999999999,,
812,812,bar,359.54500007446285,360.01499991577145,0.26,0.64,0.38,,
813,813,to,361.1549999890136,361.3149999426269,0.04,0.18,0.1399999999999999,,
814,814,buy,361.3149999426269,361.4949999353027,0.02,0.1,0.08,,
815,815,a,361.4949999353027,361.5249999938965,0.64,0.8,0.16,,
816,816,round,361.5249999938965,361.93500007690426,0.0,0.16,0.16,,
817,817,and,362.6049999499512,362.8450000598144,0.02,0.38,0.36,,
818,818,i,362.6049999499512,362.7949999621582,0.2,0.2,0.0,,
819,819,felt,362.7949999621582,363.03500007202143,0.0,0.12,0.12,,
820,820,a,363.03500007202143,363.0749999707031,0.12,0.46,0.34,,
821,821,tap,363.0749999707031,363.4249999365234,0.24,0.42,0.18,,
822,822,on,363.4249999365234,363.4950000732421,0.86,0.86,0.0,,
823,823,my,363.4950000732421,363.5850000695801,0.76,0.82,0.0599999999999999,,
824,824,shoulder,363.5850000695801,364.1050000085449,0.86,0.88,0.02,,
825,825,and,365.444999934082,365.57500000854486,0.46,0.56,0.1,,
826,826,it,365.57500000854486,365.634999946289,0.36,0.32,-0.0399999999999999,,
827,827,was,365.634999946289,365.7750000402832,0.82,0.82,0.0,,
828,828,her,365.7850000598144,366.3250000378418,0.18,0.2,0.02,,
829,829,and,367.4450000720215,367.5549999279785,0.32,0.46,0.14,,
830,830,she,367.5549999279785,367.6649999633789,0.44,0.7,0.2599999999999999,,
831,831,said,367.6649999633789,368.08500006591794,0.3,0.32,0.02,,
832,832,jim,369.3949999328613,369.62500002319337,0.0,0.12,0.12,,
833,833,we,369.62500002319337,369.7949999963378,0.0,0.18,0.18,,
834,834,were,369.7949999963378,369.9250000708008,0.08,0.46,0.38,,
835,835,just,369.9250000708008,370.1449999621582,0.14,0.3,0.1599999999999999,,
836,836,talking,370.1449999621582,370.4249999707031,0.34,0.62,0.2799999999999999,,
837,837,about,370.4249999707031,370.62500000244137,0.76,0.62,-0.14,,
838,838,how,370.62500000244137,370.8049999951172,0.0,0.2,0.2,,
839,839,you,370.8049999951172,371.215000078125,0.52,0.66,0.14,,
840,840,always,371.215000078125,371.77499991577145,0.02,0.36,0.3399999999999999,,
841,841,seem,371.77499991577145,372.1150000415039,0.14,0.26,0.12,,
842,842,to,372.1150000415039,372.2649999755859,0.8,0.86,0.0599999999999999,,
843,843,know,372.2649999755859,372.9949999658203,0.16,0.46,0.3,,
844,844,when,372.9949999658203,373.7550000146484,0.12,0.34,0.22,,
845,845,and,374.0049999645996,374.16499991821286,0.0,0.2,0.2,,
846,846,where,374.16499991821286,374.6649999975586,0.58,0.82,0.24,,
847,847,pie,374.6649999975586,375.0249999829101,0.42,0.78,0.36,,
848,848,man,375.0249999829101,375.26499991333,0.92,0.92,0.0,,
849,849,will,375.26499991333,375.3949999877929,0.18,0.48,0.3,,
850,850,strike,375.3949999877929,375.98500006347655,0.2,0.34,0.14,,
851,851,and,376.9750000231933,377.3149999694824,0.14,0.34,0.2,,
852,852,we,377.3149999694824,377.584999958496,0.26,0.42,0.1599999999999999,,
853,853,were,377.584999958496,377.7350000720214,0.26,0.52,0.26,,
854,854,wondering,377.7350000720214,378.3450000073242,0.52,0.7,0.1799999999999999,,
855,855,are,379.4149999438477,379.565000057373,0.0,0.48,0.48,,
856,856,you,379.565000057373,380.1749999926757,0.82,0.9,0.08,,
857,857,pie,380.334999946289,380.6349999938964,0.46,0.82,0.3599999999999999,,
858,858,man,380.6349999938964,380.994999979248,0.94,0.9,-0.0399999999999999,1.0,0.3170731707317073
859,859,and,383.8050000842285,383.92499995971673,0.24,0.52,0.28,,
860,860,i,383.92499995971673,384.024999975586,0.38,0.64,0.26,,
861,861,knew,384.024999975586,384.4849999768066,0.0,0.22,0.22,,
862,862,by,384.4849999768066,384.6449999304199,0.0,0.12,0.12,,
863,863,the,384.6449999304199,384.7349999267578,0.46,0.46,0.0,,
864,864,way,384.7349999267578,384.8950000598144,0.32,0.46,0.14,,
865,865,she,384.8950000598144,385.0550000134277,0.7,0.76,0.06,,
866,866,said,385.0550000134277,385.33500002197263,0.18,0.24,0.06,,
867,867,it,385.33500002197263,385.445000057373,0.58,0.58,0.0,,
868,868,i,385.445000057373,385.5849999719238,0.06,0.16,0.1,,
869,869,knew,385.5849999719238,386.1349999694824,0.08,0.22,0.14,,
870,870,that,386.9749999951172,387.0850000305176,0.3,0.34,0.04,,
871,871,if,387.0850000305176,387.1850000463867,0.0,0.38,0.38,,
872,872,i,387.1850000463867,387.2950000817871,0.68,0.82,0.1399999999999999,,
873,873,said,387.2950000817871,387.53500001220704,0.26,0.56,0.3,,
874,874,yes,387.53500001220704,387.94499991577146,0.24,0.68,0.44,,
875,875,she,387.94499991577146,388.1250000878906,0.5,0.48,-0.02,,
876,876,would,388.1250000878906,388.24499996337886,0.84,0.84,0.0,,
877,877,have,388.24499996337886,388.37500003784174,0.04,0.58,0.5399999999999999,,
878,878,sex,388.37500003784174,388.7949999609375,0.06,0.7,0.6399999999999999,,
879,879,with,388.7949999609375,388.9350000549316,0.9,0.9,0.0,,
880,880,me,388.9350000549316,389.1350000866699,0.92,0.9,-0.02,,
881,881,and,392.0650000671386,392.4050000134277,0.18,0.42,0.24,,
882,882,wasnt,392.4050000134277,393.12499998413085,0.0,0.12,0.12,,
883,883,i,393.12499998413085,393.3949999731445,0.02,0.24,0.22,,
884,884,really,393.51500002807614,393.9449999707031,0.0,0.24,0.24,,
885,885,pie,393.9449999707031,394.265000057373,0.14,0.5,0.36,,
886,886,man,394.265000057373,394.8150000549316,0.92,0.9,-0.02,,
887,887,for,398.50500008422847,398.9849999450684,0.0,0.1,0.1,,
888,888,having,398.9849999450684,399.3749999890137,0.0,0.1,0.1,,
889,889,brought,399.3749999890137,399.7550000134277,0.0,0.1,0.1,,
890,890,him,399.7550000134277,399.9249999865722,0.32,0.64,0.32,,
891,891,into,399.9249999865722,400.1749999365234,0.04,0.22,0.18,,
892,892,being,400.1749999365234,400.8349999694824,0.0,0.18,0.18,,
893,893,didnt,401.0249999816894,401.2149999938964,0.0,0.1,0.1,,
894,894,she,401.2149999938964,401.4350000646973,0.0,0.1,0.1,,
895,895,only,401.4350000646973,401.72499991333007,0.0,0.12,0.12,,
896,896,know,401.72499991333007,402.0249999609375,0.16,0.34,0.18,,
897,897,about,402.0249999609375,402.3450000476074,0.12,0.26,0.14,,
898,898,him,402.3450000476074,402.4350000439453,0.16,0.5,0.3399999999999999,,
899,899,through,402.4350000439453,402.7250000720215,0.04,0.2,0.16,,
900,900,me,402.7250000720215,403.33500000732414,0.44,0.6,0.1599999999999999,,
901,901,but,404.7749999487304,405.2349999499512,0.0,0.12,0.12,,
902,902,she,405.175000012207,405.42499996215815,0.14,0.16,0.0199999999999999,,
903,903,had,405.42499996215815,405.5249999780273,0.0,0.14,0.14,,
904,904,asked,405.5249999780273,405.8150000061035,0.04,0.2,0.16,,
905,905,me,405.8150000061035,405.8949999829101,0.52,0.58,0.0599999999999999,,
906,906,a,405.8949999829101,405.92500004150384,0.04,0.22,0.18,,
907,907,straightforward,405.92500004150384,406.5550000158691,0.0,0.06,0.06,,
908,908,question,406.5550000158691,407.0749999548339,0.88,0.88,0.0,,
909,909,that,407.59500007324215,407.73499998779295,0.04,0.08,0.04,,
910,910,came,407.73499998779295,407.9450000390625,0.0,0.1,0.1,,
911,911,with,407.9450000390625,408.0649999145508,0.02,0.3,0.2799999999999999,,
912,912,a,408.0649999145508,408.0949999731445,0.72,0.72,0.0,,
913,913,straightforward,408.0949999731445,408.6950000683593,0.12,0.4,0.28,,
914,914,answer,408.775000045166,409.0550000537109,0.82,0.8,-0.0199999999999999,,
915,915,in,409.0550000537109,409.1350000305175,0.0,0.06,0.06,,
916,916,fact,409.1350000305175,409.5950000317383,0.02,0.16,0.14,,
917,917,i,410.1750000878906,410.30499998291015,0.54,0.62,0.0799999999999999,,
918,918,wasnt,410.30499998291015,410.7950000427246,0.0,0.12,0.12,,
919,919,pie,410.7950000427246,411.0249999536133,0.22,0.52,0.3,,
920,920,man,411.0249999536133,411.5150000134277,0.94,0.92,-0.0199999999999999,,
921,921,as,411.57499995117183,411.7549999438476,0.0,0.12,0.12,,
922,922,far,411.7549999438476,411.9150000769043,0.02,0.14,0.12,,
923,923,as,411.9150000769043,412.01499991333,0.9,0.84,-0.06,,
924,924,i,412.01499991333,412.0750000305175,0.64,0.58,-0.06,,
925,925,knew,412.0750000305175,412.2249999645996,0.42,0.56,0.14,,
926,926,i,412.2249999645996,412.2949999218749,0.12,0.28,0.16,,
927,927,had,412.2949999218749,412.4550000549316,0.02,0.2,0.18,,
928,928,never,412.4550000549316,412.8749999780273,0.02,0.2,0.18,,
929,929,seen,413.10500006835935,413.5249999914551,0.06,0.2,0.14,,
930,930,the,413.5249999914551,413.5949999487305,0.06,0.2,0.14,,
931,931,guy,413.5949999487305,414.03499991088864,0.04,0.18,0.1399999999999999,,
932,932,out,414.2549999816894,414.4149999353027,0.02,0.16,0.14,,
933,933,of,414.4149999353027,414.4850000720214,0.36,0.64,0.28,,
934,934,costume,414.51499995117183,415.125000065918,0.2,0.4,0.2,,
935,935,so,416.1649999438477,416.35499995605466,0.22,0.5,0.28,,
936,936,i,416.35499995605466,416.4549999719238,0.84,0.82,-0.02,,
937,937,looked,416.4549999719238,416.69500008178704,0.0,0.18,0.18,,
938,938,at,416.69500008178704,416.7550000195312,0.52,0.58,0.0599999999999999,,
939,939,her,416.7550000195312,416.8349999963378,0.56,0.76,0.1999999999999999,,
940,940,and,416.91499997314446,417.084999946289,0.8,0.84,0.0399999999999999,,
941,941,i,416.9249999926757,417.0049999694824,0.08,0.24,0.1599999999999999,,
942,942,said,417.0049999694824,417.4349999121093,0.42,0.7,0.2799999999999999,,
943,943,yes,419.6549999414062,420.1750000598144,0.2,0.64,0.44,,
944,944,angela,420.1750000598144,420.5949999829101,0.0,0.18,0.18,,
945,945,i,421.535000024414,421.7350000561523,0.74,0.88,0.14,,
946,946,am,421.7350000561523,421.9749999865722,0.84,0.86,0.02,,
947,947,pie,421.9749999865722,422.2650000146484,0.78,0.88,0.0999999999999999,,
948,948,man,422.2650000146484,422.6149999804687,0.94,0.94,0.0,1.0,0.25365853658536586
949,949,and,424.945000045166,425.0550000805664,0.46,0.54,0.08,,
950,950,she,425.0550000805664,425.17499995605465,0.44,0.46,0.02,,
951,951,said,425.17499995605465,425.4150000659179,0.2,0.54,0.34,,
952,952,oh,425.4150000659179,425.5449999609375,0.06,0.18,0.12,,
953,953,good,425.5449999609375,425.9750000830078,0.02,0.22,0.2,,
954,954,now,426.8550000073242,426.9450000036621,0.02,0.2,0.18,,
955,955,buy,426.9450000036621,427.2450000512695,0.0,0.4,0.4,,
956,956,me,427.2450000512695,427.5350000793457,0.76,0.82,0.0599999999999999,,
957,957,a,427.3849999658202,427.60500003662105,0.84,0.88,0.04,,
958,958,beer,427.505000020752,427.82499992797847,0.08,0.42,0.3399999999999999,,
959,959,and,428.30499996826165,428.7949998486328,0.56,0.7,0.1399999999999999,,
960,960,tell,428.5949999963378,428.90500006347656,0.02,0.38,0.36,,
961,961,me,428.8549999658203,428.9450001416015,0.8,0.92,0.12,,
962,962,all,428.9449999621582,429.2049999316406,0.24,0.56,0.32,,
963,963,about,429.1049999157714,429.52500001831055,0.62,0.82,0.1999999999999999,,
964,964,it,429.3249999865722,430.8849999829101,0.38,0.82,0.4399999999999999,,
